name, surname, email
Name1, Surname1, email1
Name2, Surname2, email2
Name3, Surname3, email3
Name4, Surname4, email4
Name5, Surname5, email5
Name6, Surname6, email6
Name7, Surname7, email7
Name8, Surname8, email8
Name9, Surname9, email9
Name10, Surname10, email10
Name11, Surname11, email11
Name12, Surname12, email12
Name13, Surname13, email13
Name14, Surname14, email14
Name15, Surname15, email15
Name16, Surname16, email16
Name17, Surname17, email17
Name18, Surname18, email18
Name19, Surname19, email19
Name20, Surname20, email20
